<?xml version="1.0" encoding="UTF-8"?>
<window id="20">
    <defaultcontrol always="true">50</defaultcontrol>
    <menucontrol>300</menucontrol>
    <onload>ClearProperty(MenuFocus,Home)</onload>
    <views>50,55,52,56,51,53</views>
    <controls>
        <include>Global_Background</include>
        <include>View_Layout</include>
        <include>Topbar</include>
        <include>Home</include>

        <!-- Hidden Buttons -->
        <include>Defs_Options_StandardButtons</include>
        <control type="button" id="5">
            <description>Settings</description>
            <label>5</label>
            <include>Defs_Hidden_Button</include>
        </control>
        <control type="button" id="9">
            <description>Check for updates</description>
            <label>24034</label>
            <include>Defs_Hidden_Button</include>
        </control>
        <control type="radiobutton" id="6">
            <description>Notifications</description>
            <label>25000</label>
            <include>Defs_Hidden_Button</include>
        </control>
        
    </controls>

</window>
