<?xml version="1.0" encoding="UTF-8"?>
<!-- Foundation -->
<window id="115">
    <defaultcontrol always="true">901</defaultcontrol>
    <zorder>0</zorder>
    <visible>[VideoPlayer.IsFullscreen | Window.IsVisible(MusicVisualisation.xml)]</visible>
    <controls>

        <control type="image">
            <right>0</right>
            <top>0</top>
            <width>1920</width>
            <height>600</height>
            <texture>common/vignette-corner.png</texture>
            <include>Animation_FadeIn</include>
            <include>Animation_FadeOut</include>
            <visible>[Window.IsVisible(DialogVolumeBar.xml) + !Player.Muted] | Window.IsVisible(DialogNotification.xml) | [Window.IsVisible(DialogBusy.xml) + Skin.HasSetting(MinimalBusyLoader)]</visible>
            <visible>![Player.ShowInfo | Window.IsVisible(script-cu-lrclyrics-main.xml) | !String.IsEmpty(Window(Home).Property(OSDInfo)) | Player.ShowInfo | Window.IsActive(DialogFullScreenInfo.xml) | [Player.Paused + Skin.HasSetting(ShowInfoPaused)]]</visible>
            <visible>[VideoPlayer.IsFullscreen | Window.IsVisible(MusicVisualisation.xml)]</visible>
        </control>

        

        <include condition="Window.IsVisible(MusicVisualisation.xml) + Skin.HasSetting(BigMusicVis)">OSD_Music_Seekbar</include>
        <include condition="Window.IsVisible(VideoFullScreen.xml)">OSD_Video_Seekbar</include>
        <include condition="Window.IsVisible(VideoFullScreen.xml)" content="OSD_Music_Info">
            <param name="player" value="VideoPlayer" />
            <param name="rating" value="VideoPlayer.Rating" />
            <param name="artwork" value="VideoPlayer.Cover" />
        </include>
    </controls>

</window>
