<?xml version="1.0" encoding="UTF-8"?>
<!-- Foundation -->
<window>
    <defaultcontrol always="true">1000</defaultcontrol>
    <onload>Dialog.Close(1112)</onload>
    <onload>ClearProperty(FocusedList,Home)</onload>
    <onunload>ClearProperty(FocusedList,Home)</onunload>
    <onunload>SetFocus(50)</onunload>
    <controls>

        <include>Global_Background</include>
        <include>Topbar_Gradient</include>
        <control type="group">
            <height>topbar_height</height>
            <include>Topbar_Texture</include>
            <include>Topbar_TextDetails</include>
        </control>

        <control type="group">
            <width>view_left</width>
            <include>View_Group</include>
            <include>Animation_Home_Textbar_Slideover_Library</include>
            <include>Animation_Left_Delay</include>
            <control type="image">
                <include>Defs_Shadow_Opaque</include>
                <texture colordiffuse="AAffffff">common/gradient-solid.png</texture>
            </control>
            <include content="Object_BigPoster">
                <param name="discart" value="false" />
                <param name="variable" value="$INFO[Window.Property(thumb)]" />
            </include>
            <include>Object_Separator_Right</include>
        </control>

        <control type="group">
            <include>Animation_Home_Textbar_Slideover_Library</include>
            <include>Animation_Right_Delay</include>
            <top>view_top</top>
            <!-- Plot -->
            <control type="group">
                <left>info_left</left>
                <top>20</top>
                <right>70</right>
                <control type="grouplist">
                    <top>20</top>
                    <height>42</height>
                    <left>0</left>
                    <align>left</align>
                    <itemgap>12</itemgap>
                    <usecontrolcoords>true</usecontrolcoords>
                    <orientation>horizontal</orientation>
                    <include>Object_DownArrows</include>
                    <control type="label">
                        <font>font_small</font>
                        <textcolor>main_fg_100</textcolor>
                        <aligny>center</aligny>
                        <width>auto</width>
                        <height>100%</height>
                        <label>$LOCALIZE[207]</label>
                    </control>
                </control>
                <control type="textbox">
                    <top>70</top>
                    <height>130</height>
                    <textcolor>main_fg_70</textcolor>
                    <font>font_plotbox</font>
                    <label>$INFO[Window.Property(plot)]</label>
                </control>
            </control>

            <!-- Cast / Directed By -->
            <control type="group" id="9000">
                <top>230</top>
                <left>info_left</left>
                <right>0</right>
                <height>420</height>
                
                <control type="grouplist">
                    <top>20</top>
                    <height>42</height>
                    <left>0</left>
                    <right>80</right>
                    <align>left</align>
                    <itemgap>12</itemgap>
                    <usecontrolcoords>true</usecontrolcoords>
                    <orientation>horizontal</orientation>
                    <include>Object_DownArrows</include>
                    <control type="label">
                        <font>font_small</font>
                        <textcolor>main_fg_100</textcolor>
                        <aligny>center</aligny>
                        <width>100%</width>
                        <height>100%</height>
                        <label>$VAR[Label_VideoInfo_Title]$VAR[Label_VideoInfo_InfoLine, ,]$VAR[Label_VideoInfo_Year]$VAR[Label_VideoInfo_Rating]</label>
                    </control>
                </control>

                <!-- Cast -->
                <control type="list" id="1000">
                    <visible allowhiddenfocus="true">String.IsEqual(Window(Home).Property(FocusedList),1000) | Control.HasFocus(1000) | String.IsEmpty(Window(Home).Property(FocusedList))</visible>
                    <include>Animation_FadeInOut</include>
                    <onleft>300</onleft>
                    <onright>noop</onright>
                    <include>View_Info_Movement</include>
                    <onfocus>SetProperty(FocusedList,1000,Home)</onfocus>
                    <orientation>horizontal</orientation>
                    <animation effect="fade" start="100" end="0" time="0" condition="Container(1000).IsUpdating">Conditional</animation>
                    <include content="View_Actor_Layout">
                        <param name="id" value="1000" />
                        <param name="label2" value="$INFO[ListItem.Property(character)]" />
                    </include>
                </control>
                <include content="Dialog_VideoInfo_BusyIndicator">
                    <param name="id" value="1000" />
                </include>

                <!-- Similar -->
                <control type="list" id="150">
                    <visible allowhiddenfocus="true">String.IsEqual(Window(Home).Property(FocusedList),150) | Control.HasFocus(150)</visible>
                    <include>Animation_FadeInOut</include>
                    <onleft>300</onleft>
                    <onright>noop</onright>
                    <include>View_Info_Movement</include>
                    <onfocus>SetProperty(FocusedList,150,Home)</onfocus>
                    <orientation>horizontal</orientation>
                    <animation effect="fade" start="100" end="0" time="0" condition="Container(150).IsUpdating">Conditional</animation>
                    <include content="View_Actor_Layout">
                        <param name="id" value="150" />
                        <param name="infolabel" value="false" />
                    </include>
                </control>
                <include content="Dialog_VideoInfo_BusyIndicator">
                    <param name="id" value="150" />
                </include>

                <!-- Youtube -->
                <control type="list" id="350">
                    <visible allowhiddenfocus="true">String.IsEqual(Window(Home).Property(FocusedList),350) | Control.HasFocus(350)</visible>
                    <include>Animation_FadeInOut</include>
                    <onleft>300</onleft>
                    <onright>noop</onright>
                    <include>View_Info_Movement</include>
                    <onfocus>SetProperty(FocusedList,350,Home)</onfocus>
                    <orientation>horizontal</orientation>
                    <animation effect="fade" start="100" end="0" time="0" condition="Container(350).IsUpdating">Conditional</animation>
                    <include content="View_Actor_Layout">
                        <param name="id" value="350" />
                        <param name="infolabel" value="false" />
                        <param name="itemwidth" value="567" />
                    </include>
                </control>
                <include content="Dialog_VideoInfo_BusyIndicator">
                    <param name="id" value="350" />
                </include>

                <!-- Crew -->
                <control type="list" id="750">
                    <visible allowhiddenfocus="true">String.IsEqual(Window(Home).Property(FocusedList),750) | Control.HasFocus(750)</visible>
                    <include>Animation_FadeInOut</include>
                    <onleft>300</onleft>
                    <onright>noop</onright>
                    <include>View_Info_Movement</include>
                    <onfocus>SetProperty(FocusedList,750,Home)</onfocus>
                    <orientation>horizontal</orientation>
                    <animation effect="fade" start="100" end="0" time="0" condition="Container(750).IsUpdating">Conditional</animation>
                    <include content="View_Actor_Layout">
                        <param name="id" value="750" />
                        <param name="label2" value="$INFO[ListItem.Property(job)]" />
                    </include>
                </control>
                <include content="Dialog_VideoInfo_BusyIndicator">
                    <param name="id" value="750" />
                </include>

            </control>

            <!-- Info -->
            <control type="grouplist">
                <left>info_left</left>
                <top>650</top>
                <right>70</right>
                <orientation>vertical</orientation>
                <control type="group">
                    <height>42</height>
                    <visible>!String.IsEmpty(Window.Property(Director))</visible>
                    <control type="label">
                        <font>font_small</font>
                        <textcolor>main_fg_30</textcolor>
                        <aligny>center</aligny>
                        <width>info_details_width</width>
                        <align>right</align>
                        <textoffsetx>20</textoffsetx>
                        <height>100%</height>
                        <label>$LOCALIZE[20339]</label>
                    </control>
                    <control type="label">
                        <height>42</height>
                        <left>info_details_width</left>
                        <font>font_small</font>
                        <textcolor>main_fg_100</textcolor>
                        <aligny>center</aligny>
                        <width>auto</width>
                        <label>$INFO[Window.Property(Director)]</label>
                    </control>
                </control>
                <control type="group">
                    <height>42</height>
                    <visible>!String.IsEmpty(Window.Property(Writer))</visible>
                    <control type="label">
                        <font>font_small</font>
                        <textcolor>main_fg_30</textcolor>
                        <aligny>center</aligny>
                        <width>info_details_width</width>
                        <align>right</align>
                        <textoffsetx>20</textoffsetx>
                        <height>100%</height>
                        <label>$LOCALIZE[20417]</label>
                    </control>
                    <control type="label">
                        <height>42</height>
                        <left>info_details_width</left>
                        <font>font_small</font>
                        <textcolor>main_fg_100</textcolor>
                        <aligny>center</aligny>
                        <width>auto</width>
                        <label>$INFO[Window.Property(Writer)]</label>
                    </control>
                </control>
                <control type="group">
                    <height>42</height>
                    <visible>!String.IsEmpty(Window.Property(Genre))</visible>
                    <control type="label">
                        <font>font_small</font>
                        <textcolor>main_fg_30</textcolor>
                        <aligny>center</aligny>
                        <width>info_details_width</width>
                        <align>right</align>
                        <textoffsetx>20</textoffsetx>
                        <height>100%</height>
                        <label>$LOCALIZE[515]</label>
                    </control>
                    <control type="label">
                        <height>42</height>
                        <left>info_details_width</left>
                        <font>font_small</font>
                        <textcolor>main_fg_100</textcolor>
                        <aligny>center</aligny>
                        <width>auto</width>
                        <label>$INFO[Window.Property(Genre)]</label>
                    </control>
                </control>
                <control type="group">
                    <height>42</height>
                    <visible>!String.IsEmpty(Window.Property(Budget))</visible>
                    <control type="label">
                        <font>font_small</font>
                        <textcolor>main_fg_30</textcolor>
                        <aligny>center</aligny>
                        <width>info_details_width</width>
                        <align>right</align>
                        <textoffsetx>20</textoffsetx>
                        <height>100%</height>
                        <label>$ADDON[script.extendedinfo 32109]</label>
                    </control>
                    <control type="label">
                        <height>42</height>
                        <left>info_details_width</left>
                        <font>font_small</font>
                        <textcolor>main_fg_100</textcolor>
                        <aligny>center</aligny>
                        <width>auto</width>
                        <label>$INFO[Window.Property(Budget),$,]</label>
                    </control>
                </control>
                <control type="group">
                    <height>42</height>
                    <visible>!String.IsEmpty(Window.Property(Revenue))</visible>
                    <control type="label">
                        <font>font_small</font>
                        <textcolor>main_fg_30</textcolor>
                        <aligny>center</aligny>
                        <width>info_details_width</width>
                        <align>right</align>
                        <textoffsetx>20</textoffsetx>
                        <label>$ADDON[script.extendedinfo 32108]</label>
                    </control>
                    <control type="label">
                        <height>42</height>
                        <left>info_details_width</left>
                        <font>font_small</font>
                        <textcolor>main_fg_100</textcolor>
                        <aligny>center</aligny>
                        <width>auto</width>
                        <label>$INFO[Window.Property(Revenue),$,]</label>
                    </control>
                </control>
            </control>  
        </control>



        <control type="group">
            <left>home_left</left>
            <width>320</width>
            <include>Animation_Home_Textbar_Slideover</include>
            <include>Home_Textbar_Texture</include>
            <include>Home_Textbar_Items</include>
        </control>
        <control type="group">
            <left>0</left>
            <width>home_icon</width>
            <include>Home_Iconbar_Texture</include>
            <include>Home_Iconbar_Logo</include>
            <control type="group">
                <control type="list" id="300">
                    <onleft>9504</onleft>
                    <onright condition="Control.IsVisible(1000)">1000</onright>
                    <onright condition="Control.IsVisible(150)">150</onright>
                    <onright condition="Control.IsVisible(350)">350</onright>
                    <onright condition="Control.IsVisible(750)">750</onright>
                    <include>Home_OnFocus</include>
                    <include>Home_VideoInfo_Layout</include>
                    <include>Home_MainMenu_ExtInfoItems</include>
                </control>
                <control type="group">
                    <top>view_top</top>
                    <height>home_icon</height>
                    <control type="group">
                        <left>home_icon</left>
                        <width>6</width>     
                        <visible>Control.HasFocus(8)</visible>
                        <control type="image">
                            <texture colordiffuse="$VAR[ColorHighlight]">common/white.png</texture>
                        </control>
                        <control type="group">
                            <include>Home_Separator</include>
                        </control>
                        <control type="group">
                            <top>home_icon</top>
                            <include>Home_Separator</include>
                        </control>
                    </control>
                    <control type="button" id="8">
                        <description>Play button</description>
                        <label>208</label>
                        <width>home_icon</width>
                        <height>home_icon</height>
                        <font/>
                        <onright>SetFocus(50,0)</onright>
                        <onleft>SetFocus(300,0)</onleft>
                        <onup>SetFocus(300,0)</onup>
                        <ondown>SetFocus(300,0)</ondown>
                        <visible>!String.IsEmpty(Window.Property(DBID)) + !String.IsEqual(Window.Property(Type),tvshow)</visible>
                        <visible>String.IsEmpty(Window(home).Property(globalsearch))</visible>
                        <visible>!Window.IsVisible(VideoFullScreen.xml)</visible>
                        <visible allowhiddenfocus="true">Control.HasFocus(8)</visible>
                        <texturenofocus colordiffuse="00ffffff">special://skin/extras/icons/play3.png</texturenofocus>
                        <texturefocus colordiffuse="Selected">special://skin/extras/icons/play3.png</texturefocus>
                    </control>
                </control>
                <control type="group">
                    <top>view_top</top>
                    <include>Home_Separator</include>
                </control>
            </control>
        </control>

        <control type="group">
            <visible>Control.HasFocus(9504)</visible>
            <include>Animation_FadeIn</include>
            <include>Animation_FadeOut</include>
            <control type="image">
                <texture background="true">$VAR[Global_Background_Image_Var]</texture>
                <aspectratio>scale</aspectratio>
            </control>
        </control>

        <control type="button" id="9504">
            <onleft>300</onleft>
            <onup>300</onup>
            <ondown>300</ondown>
            <onright>300</onright>
            <onclick>SetFocus(300)</onclick>
            <onback>300</onback>
            <include>Defs_Hidden_Button</include>
        </control>

        <include>Object_PlotOverlay</include>

        <control type="button" id ="120">
            <description>Browse</description>
            <label>21385</label>
            <include>Defs_Hidden_Button</include>
            <visible>!String.IsEmpty(Window.Property(DBID)) + String.IsEqual(Window.Property(Type),tvshow)</visible>
            <visible>String.IsEmpty(Window(home).Property(globalsearch))</visible>
            <visible>!Window.IsVisible(VideoFullScreen.xml)</visible>
        </control>

        <control type="button" id ="9002">
            <description>Cast</description>
            <label>206</label>
            <include>Defs_Hidden_Button</include>
            <onclick>SetProperty(FocusedList,1000,Home)</onclick>
            <onclick>SetProperty(VideoInfo_InfoLine,$INFO[Window.Property(label),$LOCALIZE[206] (,)],Home)</onclick>
            <onclick>SetFocus(1000)</onclick>
            <!-- <enable>Integer.IsGreater(Container(1000).NumItems,0)</enable> -->
        </control>
        
        <control type="button" id ="9003">
            <description>Similar</description>
            <label>31206</label>
            <include>Defs_Hidden_Button</include>
            <onclick>SetProperty(FocusedList,150,Home)</onclick>
            <onclick>SetProperty(VideoInfo_InfoLine,$INFO[Window.Property(label),$LOCALIZE[31206] (,)],Home)</onclick>
            <onclick>SetFocus(150)</onclick>
            <enable>Integer.IsGreater(Container(150).NumItems,0)</enable>
        </control>
        
        <control type="button" id ="9004">
            <description>Youtube</description>
            <label>31141</label>
            <include>Defs_Hidden_Button</include>
            <onclick>SetProperty(FocusedList,350,Home)</onclick>
            <onclick>SetProperty(VideoInfo_InfoLine,$INFO[Window.Property(label),$LOCALIZE[31141] (,)],Home)</onclick>
            <onclick>SetFocus(350)</onclick>
            <enable>Integer.IsGreater(Container(350).NumItems,0)</enable>
        </control>
        

        <control type="button" id ="9005">
            <description>Crew</description>
            <label>$ADDON[script.extendedinfo 32115]</label>
            <include>Defs_Hidden_Button</include>
            <onclick>SetProperty(FocusedList,750,Home)</onclick>
            <onclick>SetProperty(VideoInfo_InfoLine,$INFO[Window.Property(label), (,)],Home)</onclick>
            <onclick>SetFocus(750)</onclick>
            <enable>Integer.IsGreater(Container(750).NumItems,0)</enable>
        </control>

        <control type="button" id ="9009">
            <description>Add to trakt</description>
            <include>Defs_Hidden_Button</include>
            <onclick>XBMC.RunPlugin(plugin://plugin.video.trakt_list_manager/movies/add?title=$INFO[Window.Property(label)])</onclick>
            <label>Trakt</label>
            <visible>System.HasAddon(plugin.video.trakt_list_manager)</visible>
        </control>

        <control type="button" id ="445">
            <description>Manage</description>
            <include>Defs_Hidden_Button</include>
            <label>$ADDON[script.extendedinfo 32133]</label>
        </control>

        <!-- Dummy Lists -->
        <control type="list" id="250"><visible>false</visible></control>
        <control type="list" id="450"><visible>false</visible></control>
        <control type="list" id="550"><visible>false</visible></control>
        <control type="list" id="650"><visible>false</visible></control>
        <control type="list" id="1050"><visible>false</visible></control>
        <control type="list" id="1150"><visible>false</visible></control>
        <control type="list" id="1250"><visible>false</visible></control>
        <control type="list" id="1350"><visible>false</visible></control>
        <control type="list" id="1450"><visible>false</visible></control>

        <!-- Genres -->
        <control type="list" id="850"><visible>false</visible></control>
        <!-- Keywords -->
        <control type="list" id="950"><visible>false</visible></control>
    </controls>

</window>
